{
	"agcgw":{
		"backurl":"connect-dra.hispace.hicloud.com",
		"url":"connect-dra.dbankcloud.cn",
		"websocketbackurl":"connect-ws-dra.hispace.dbankcloud.com",
		"websocketurl":"connect-ws-dra.hispace.dbankcloud.cn"
	},
	"agcgw_all":{
		"CN":"connect-drcn.dbankcloud.cn",
		"CN_back":"connect-drcn.hispace.hicloud.com",
		"DE":"connect-dre.dbankcloud.cn",
		"DE_back":"connect-dre.hispace.hicloud.com",
		"RU":"connect-drru.dbankcloud.cn",
		"RU_back":"connect-drru.hispace.hicloud.com",
		"SG":"connect-dra.dbankcloud.cn",
		"SG_back":"connect-dra.hispace.hicloud.com"
	},
	"client":{
		"cp_id":"2640062000021127352",
		"product_id":"737518067794057692",
		"client_id":"796209192460368832",
		"client_secret":"2EE7581E46C9FA89F8EC892613E2B325A2BFBF7096E22ECA13200EA08EF12A23",
		"project_id":"737518067794057692",
		"app_id":"105269509",
		"api_key":"DAEDABxD13vTX8KMOZ0rLbkKBTtl7ayAuNdEW0WhmYDYahoAzzBsFtkU40XB+z7mE1zhDN1y8a7dLm3vdLFjoj8+kfnRZEuFy1Eynw==",
		"package_name":"com.binus.ootd"
	},
	"oauth_client":{
		"client_id":"105269509",
		"client_type":1
	},
	"app_info":{
		"app_id":"105269509",
		"package_name":"com.binus.ootd"
	},
	"service":{
		"analytics":{
			"collector_url":"datacollector-dra.dt.hicloud.com,datacollector-dra.dt.dbankcloud.cn",
			"collector_url_ru":"datacollector-drru.dt.hicloud.com,datacollector-drru.dt.dbankcloud.cn",
			"collector_url_sg":"datacollector-dra.dt.hicloud.com,datacollector-dra.dt.dbankcloud.cn",
			"collector_url_de":"datacollector-dre.dt.hicloud.com,datacollector-dre.dt.dbankcloud.cn",
			"collector_url_cn":"datacollector-drcn.dt.hicloud.com,datacollector-drcn.dt.dbankcloud.cn",
			"resource_id":"p1",
			"channel_id":""
		},
		"search":{
			"url":"https://search-dra.cloud.huawei.com"
		},
		"cloudstorage":{
			"storage_url":"https://ops-dra.agcstorage.link"
		},
		"ml":{
			"mlservice_url":"ml-api-dra.ai.dbankcloud.com,ml-api-dra.ai.dbankcloud.cn"
		}
	},
	"region":"SG",
	"configuration_version":"3.0",
	"appInfos":[
		{
			"package_name":"com.binus.ootd",
			"client":{
				"app_id":"105269509"
			},
			"app_info":{
				"package_name":"com.binus.ootd",
				"app_id":"105269509"
			},
			"oauth_client":{
				"client_type":1,
				"client_id":"105269509"
			}
		}
	]
}